<?xml version="1.0" encoding="UTF-8"?>
<ElevationModel version="1" modelType="Compound">
    <ElevationModel version="1">
        <DisplayName>DTED Elevation Model</DisplayName>
        <Service serviceName="OGC:WMS" version="1.3">
            <!-- *** Replace YourMachineNameHere in the next two lines with the name or IP address of the server *** -->
            <GetCapabilitiesURL>http://YourMachineNameHere/elev</GetCapabilitiesURL>
            <GetMapURL>http://YourMachineNameHere/elev</GetMapURL>
            <!-- Replace YourLayerNameHere with the name given to the layer in the WMS server configuration -->
            <LayerNames>YourLayerNameHere</LayerNames>
        </Service>
        <!-- The following line gives the time of last update, in number of MILLISECONDS since the epoch -->
        <LastUpdate>1240005179000</LastUpdate>
        <DataCacheName>Earth/ngdted</DataCacheName>
        <ImageFormat>image/bil</ImageFormat>
        <FormatSuffix>.bil</FormatSuffix>
        <ExtremeElevations min="-11000" max="8850">
            <FileName>config/SRTM30Plus_ExtremeElevations_5.bil</FileName>
        </ExtremeElevations>
        <NumLevels count="10" numEmpty="0"/>
        <TileOrigin>
            <LatLon units="degrees" latitude="-90" longitude="-180"/>
        </TileOrigin>
        <LevelZeroTileDelta>
            <LatLon units="degrees" latitude="20" longitude="20"/>
        </LevelZeroTileDelta>
        <TileSize>
            <Dimension width="150" height="150"/>
        </TileSize>
        <!-- The following must specify the bounding sector of all the elevation model's data -->
        <Sector>
            <SouthWest>
                <LatLon units="degrees" latitude="-90" longitude="-180"/>
            </SouthWest>
            <NorthEast>
                <LatLon units="degrees" latitude="90" longitude="180"/>
            </NorthEast>
        </Sector>
        <!-- The following entry should define the range of DTED2 data. Use additional entries for disjoint regions-->
        <!--<SectorResolutionLimit maxLevelNum="9">-->
            <!--<Sector>-->
                <!--<SouthWest>-->
                    <!--<LatLon units="degrees" latitude="24" longitude="-125"/>-->
                <!--</SouthWest>-->
                <!--<NorthEast>-->
                    <!--<LatLon units="degrees" latitude="50" longitude="-66.8"/>-->
                <!--</NorthEast>-->
            <!--</Sector>-->
        <!--</SectorResolutionLimit>-->
        <!-- The following entry should define the range of DTED1 data. Use additional entries for disjoint regions-->
        <!--<SectorResolutionLimit maxLevelNum="8">-->
            <!--<Sector>-->
                <!--<SouthWest>-->
                    <!--<LatLon units="degrees" latitude="24" longitude="-125"/>-->
                <!--</SouthWest>-->
                <!--<NorthEast>-->
                    <!--<LatLon units="degrees" latitude="50" longitude="-66.8"/>-->
                <!--</NorthEast>-->
            <!--</Sector>-->
        <!--</SectorResolutionLimit>-->
        <!-- The following entry should define the range of DTED0 data. Use additional entries for disjoint regions-->
        <!--<SectorResolutionLimit maxLevelNum="4">-->
            <!--<Sector>-->
                <!--<SouthWest>-->
                    <!--<LatLon units="degrees" latitude="24" longitude="-125"/>-->
                <!--</SouthWest>-->
                <!--<NorthEast>-->
                    <!--<LatLon units="degrees" latitude="50" longitude="-66.8"/>-->
                <!--</NorthEast>-->
            <!--</Sector>-->
        <!--</SectorResolutionLimit>-->
    </ElevationModel>
</ElevationModel>