<?xml version="1.0" encoding="UTF-8"?>
<!--$Id: worldwind.layers.xml 12871 2009-12-09 05:38:12Z tgaskins $-->
<!--This document specifies the initial layers to load in World Wind-->
<!--This list can be overridden by specifying an alternate list in worldwind.xml, or by specifying an-->
<!--alternate configuration document-->
<!--See the javadoc for the Configuration class for details-->
<LayerList>
    <Layer className="gov.nasa.worldwind.layers.StarsLayer" title="Stars"/>
    <Layer className="gov.nasa.worldwind.layers.SkyGradientLayer" title="Sky"></Layer>
    <Layer className="gov.nasa.worldwind.layers.Earth.BMNGOneImage" title="Earth Image"/>
    <Layer href="config/Earth/BMNGWMSLayer.xml" title="Blue Marble" actuate="onLoad"/>
    <Layer href="config/Earth/LandsatI3WMSLayer.xml" title="i3 Landsat" actuate="onLoad"/>
    <Layer href="config/Earth/USDANAIPWMSImageLayer.xml" title="USDA NAIP" actuate="onRequest"/>
    <Layer href="config/Earth/MSVirtualEarthAerialLayer.xml" title="MS Virtual Earth Aerial" actuate="onRequest"/>
    <Layer href="config/Earth/USGSUrbanAreaOrthoLayer.xml" title="USGS Urban Area" actuate="onLoad"/><Layer
    	title="USGS Digital Ortho"
    	href="config/Earth/USGSDigitalOrthoLayer.xml" actuate="onRequest">
</Layer>
	<Layer className="gov.nasa.worldwind.layers.Earth.CountryBoundariesLayer" title="Borders" actuate="onRequest"/>
    <Layer className="gov.nasa.worldwind.layers.Earth.NASAWFSPlaceNameLayer" title="Place Names"/>
    <Layer className="gov.nasa.worldwind.layers.WorldMapLayer" title="World Map"/>
    <Layer className="gov.nasa.worldwind.layers.ScalebarLayer" title="Scale Bar"/>
    <Layer className="gov.nasa.worldwind.layers.CompassLayer" title="Compass"/>
</LayerList>