<?xml version="1.0" encoding="UTF-8"?>
<!--Blue Marble Next generation 2004 + Bathymetry imagery, using the default month (May).-->
<!--$Id: BMNGWMSLayer.xml 13024 2010-01-21 02:21:52Z tgaskins $-->
<Layer version="1" layerType="TiledImageLayer">
    <DisplayName>Blue Marble (WMS) 2004</DisplayName>
    <Service serviceName="OGC:WMS" version="1.3">
        <GetCapabilitiesURL>http://www.nasa.network.com/wms</GetCapabilitiesURL>
        <GetMapURL>http://www.nasa.network.com/wms</GetMapURL>
        <LayerNames>bmng200405</LayerNames>
    </Service>
    <RetrievePropertiesFromService>true</RetrievePropertiesFromService>
    <!-- Thu, 26 Mar 2009 00:00:00 GMT -->
    <LastUpdate>1238025600000</LastUpdate>
    <DataCacheName>Earth/BMNGWMS/BMNG(Shaded + Bathymetry) Tiled - Version 1.1 - 5.2004</DataCacheName>
    <ImageFormat>image/dds</ImageFormat>
    <AvailableImageFormats>
        <ImageFormat>image/png</ImageFormat>
        <ImageFormat>image/dds</ImageFormat>
    </AvailableImageFormats>
    <FormatSuffix>.dds</FormatSuffix>
    <NumLevels count="5" numEmpty="0"/>
    <TileOrigin>
        <LatLon units="degrees" latitude="-90" longitude="-180"/>
    </TileOrigin>
    <LevelZeroTileDelta>
        <LatLon units="degrees" latitude="36" longitude="36"/>
    </LevelZeroTileDelta>
    <TileSize>
        <Dimension width="512" height="512"/>
    </TileSize>
    <Sector>
        <SouthWest>
            <LatLon units="degrees" latitude="-90" longitude="-180"/>
        </SouthWest>
        <NorthEast>
            <LatLon units="degrees" latitude="90" longitude="180"/>
        </NorthEast>
    </Sector>
    <ForceLevelZeroLoads>true</ForceLevelZeroLoads>
    <RetainLevelZeroTiles>true</RetainLevelZeroTiles>
    <UseTransparentTextures>false</UseTransparentTextures>
    <RetrievalTimeouts>
        <ReadTimeout>
            <Time units="milliseconds" value="30000"/>
        </ReadTimeout>
    </RetrievalTimeouts>
    <!-- The following lines are included just to show how to set the values to other than their defaults -->
    <MaxAbsentTileAttempts>2</MaxAbsentTileAttempts>
    <MinAbsentTileCheckInterval>1000</MinAbsentTileCheckInterval>
</Layer>
