<?xml version="1.0" encoding="UTF-8"?>
<!--$Id: LandsatI3WMSLayer.xml 11429 2009-06-03 20:39:02Z dcollins $-->
<Layer version="1" layerType="TiledImageLayer">
    <DisplayName>i-cubed Landsat</DisplayName>
    <Service serviceName="OGC:WMS" version="1.3">
        <GetCapabilitiesURL>http://www.nasa.network.com/wms</GetCapabilitiesURL>
        <GetMapURL>http://www.nasa.network.com/wms</GetMapURL>
        <LayerNames>esat</LayerNames>
    </Service>
    <RetrievePropertiesFromService>true</RetrievePropertiesFromService>
    <!-- Thu, 26 Mar 2009 00:00:00 GMT -->
    <LastUpdate>1238025600000</LastUpdate>
    <DataCacheName>Earth/NASA LandSat I3 WMS</DataCacheName>
    <ImageFormat>image/dds</ImageFormat>
    <AvailableImageFormats>
        <ImageFormat>image/png</ImageFormat>
        <ImageFormat>image/dds</ImageFormat>
    </AvailableImageFormats>
    <FormatSuffix>.dds</FormatSuffix>
    <NumLevels count="10" numEmpty="4"/>
    <TileOrigin>
        <LatLon units="degrees" latitude="-90" longitude="-180"/>
    </TileOrigin>
    <LevelZeroTileDelta>
        <LatLon units="degrees" latitude="36" longitude="36"/>
    </LevelZeroTileDelta>
    <TileSize>
        <Dimension width="512" height="512"/>
    </TileSize>
    <Sector>
        <SouthWest>
            <LatLon units="degrees" latitude="-90" longitude="-180"/>
        </SouthWest>
        <NorthEast>
            <LatLon units="degrees" latitude="90" longitude="180"/>
        </NorthEast>
    </Sector>
    <UseTransparentTextures>true</UseTransparentTextures>
    <!--<ScreenCredit creditType="ScreenImage">-->
        <!--<FileName>images/32x32-icon-nasa.png</FileName>-->
        <!--<Link>http://worldwind.arc.nasa.gov/java</Link>-->
    <!--</ScreenCredit>-->
    <RetrievalTimeouts>
        <ReadTimeout>
            <Time units="milliseconds" value="20000"/>
        </ReadTimeout>
    </RetrievalTimeouts>
</Layer>