<?xml version="1.0" encoding="UTF-8"?>
<!--$Id: MSVirtualEarthHybridLayer.xml 12605 2009-09-19 04:28:01Z tgaskins $-->
<Layer version="1" layerType="TiledImageLayer">
    <DisplayName>MS Virtual Earth Hybrid</DisplayName>
    <Service serviceName="WWTileService">
        <URL>http://worldwind28.arc.nasa.gov/vewms/vewms.aspx</URL>
    </Service>
    <!-- Sat, 19 Sep 2009 4:10:00 GMT -->
    <LastUpdate>1253333400000</LastUpdate>
    <DatasetName>h</DatasetName>
    <DataCacheName>Earth/MS Virtual Earth h</DataCacheName>
    <ImageFormat>image/jpg</ImageFormat>
    <AvailableImageFormats>
        <ImageFormat>image/jpg</ImageFormat>
    </AvailableImageFormats>
    <FormatSuffix>.dds</FormatSuffix>
    <NumLevels count="16" numEmpty="4"/>
    <TileOrigin>
        <LatLon units="degrees" latitude="-90" longitude="-180"/>
    </TileOrigin>
    <LevelZeroTileDelta>
        <LatLon units="degrees" latitude="36" longitude="36"/>
    </LevelZeroTileDelta>
    <TileSize>
        <Dimension width="512" height="512"/>
    </TileSize>
    <Sector>
        <SouthWest>
            <LatLon units="degrees" latitude="-90" longitude="-180"/>
        </SouthWest>
        <NorthEast>
            <LatLon units="degrees" latitude="90" longitude="180"/>
        </NorthEast>
    </Sector>
    <ActiveAltitudes max="1000e3"/>
    <UseTransparentTextures>true</UseTransparentTextures>
</Layer>