<?xml version="1.0" encoding="UTF-8"?>
<!--$Id: NAIPCaliforniaWMSLayer.xml 12606 2009-09-19 04:33:04Z tgaskins $-->
<Layer version="1" layerType="TiledImageLayer">
    <DisplayName>NAIP California (WMS)</DisplayName>
    <Service serviceName="OGC:WMS" version="1.1.1">
        <GetCapabilitiesURL>http://giifmap.cnr.berkeley.edu/cgi-bin/naip.wms?</GetCapabilitiesURL>
        <GetMapURL>http://giifmap.cnr.berkeley.edu/cgi-bin/naip.wms?</GetMapURL>
        <LayerNames>naip2005C</LayerNames>
    </Service>
    <!-- Wed, 25 Feb 2009 08:00:00 GMT -->
    <LastUpdate>1235548800000</LastUpdate>
    <DataCacheName>Earth/NAIP/California</DataCacheName>
    <ImageFormat>image/png</ImageFormat>
    <AvailableImageFormats>
        <ImageFormat>image/png</ImageFormat>
    </AvailableImageFormats>
    <FormatSuffix>.dds</FormatSuffix>
    <NumLevels count="14" numEmpty="0"/>
    <TileOrigin>
        <LatLon units="degrees" latitude="-90" longitude="-180"/>
    </TileOrigin>
    <LevelZeroTileDelta>
        <LatLon units="degrees" latitude="36" longitude="36"/>
    </LevelZeroTileDelta>
    <TileSize>
        <Dimension width="512" height="512"/>
    </TileSize>
    <Sector>
        <SouthWest>
            <LatLon units="degrees" latitude="32.2006" longitude="-124.45"/>
        </SouthWest>
        <NorthEast>
            <LatLon units="degrees" latitude="42.0421" longitude="-113.222"/>
        </NorthEast>
    </Sector>
    <UseTransparentTextures>true</UseTransparentTextures>
    <ScreenCredit creditType="ScreenImage">
        <FileName>images/usda_logo-32x32.png</FileName>
        <Link>http://www.fsa.usda.gov/FSA</Link>
    </ScreenCredit>
    <RetrievalTimeouts>
        <ReadTimeout>
            <Time units="milliseconds" value="30000"/>
        </ReadTimeout>
    </RetrievalTimeouts>
</Layer>