<?xml version="1.0" encoding="UTF-8"?>
<!--$Id: ScankortDenmarkDSMElevationModel.xml 12695 2009-10-07 04:35:56Z tgaskins $-->
<ElevationModel version="1">
    <DisplayName>Scankort Denmark DSM</DisplayName>
    <Service serviceName="OGC:WMS" version="1.3">
        <GetCapabilitiesURL>http://www.nasa.network.com/elev</GetCapabilitiesURL>
        <GetMapURL>http://www.nasa.network.com/elev</GetMapURL>
        <LayerNames>ScankortElevationsDenmarkDSM</LayerNames>
    </Service>
    <LastUpdate>1245969932910</LastUpdate>
    <DataCacheName>Earth/ScankortElevationsDenmarkDSM</DataCacheName>
    <ImageFormat>application/bil32</ImageFormat>
    <DataType type="Float32" byteOrder="LittleEndian"/>
    <FormatSuffix>.bil</FormatSuffix>
    <ExtremeElevations min="-100" max="1000"/>
    <DataDetailHint>0.30</DataDetailHint>
    <NumLevels count="14" numEmpty="9"/>
    <MissingData signal="-9999"/>
    <TileOrigin>
        <LatLon units="degrees" latitude="-90" longitude="-180"/>
    </TileOrigin>
    <LevelZeroTileDelta>
        <LatLon units="degrees" latitude="20" longitude="20"/>
    </LevelZeroTileDelta>
    <TileSize>
        <Dimension width="150" height="150"/>
    </TileSize>
    <Sector>
        <SouthWest>
            <LatLon units="degrees" latitude="54.3" longitude="8.0"/>
        </SouthWest>
        <NorthEast>
            <LatLon units="degrees" latitude="57.8" longitude="15.6"/>
        </NorthEast>
    </Sector>
</ElevationModel>
