<?xml version="1.0" encoding="UTF-8"?>
<!--$Id: USGSUrbanAreaOrthoLayer.xml 13179 2010-03-05 04:02:49Z tgaskins $-->
<Layer version="1" layerType="TiledImageLayer">
    <DisplayName>USGS Urban Area Ortho</DisplayName>
    <Service serviceName="WWTileService">
        <URL>http://worldwind25.arc.nasa.gov/tile/tile.aspx</URL>
    </Service>
    <!-- Sat, 19 Sep 2009 4:10:00 GMT -->
    <LastUpdate>1253333400000</LastUpdate>
    <DatasetName>104</DatasetName>
    <DataCacheName>Earth/USGS Urban Area Ortho</DataCacheName>
    <AvailableImageFormats>
        <ImageFormat>image/jpg</ImageFormat>
    </AvailableImageFormats>
    <FormatSuffix>.jpg</FormatSuffix>
    <NumLevels count="15" numEmpty="5"/>
    <TileOrigin>
        <LatLon units="degrees" latitude="-90.0" longitude="-180.0"/>
    </TileOrigin>
    <LevelZeroTileDelta>
        <LatLon units="degrees" latitude="25.6" longitude="25.6"/>
    </LevelZeroTileDelta>
    <TileSize>
        <Dimension height="512" width="512"/>
    </TileSize>
    <Sector>
        <SouthWest>
            <LatLon units="degrees" latitude="17.84" longitude="-168.67"/>
        </SouthWest>
        <NorthEast>
            <LatLon units="degrees" latitude="71.55" longitude="-65.15"/>
        </NorthEast>
    </Sector>
    <ActiveAltitudes max="100e3"/>
    <SplitScale>0.8</SplitScale>
    <RetrievalTimeouts>
        <ReadTimeout>
            <Time units="milliseconds" value="30000"/>
        </ReadTimeout>
        <ConnectTimeout>
            <Time units="milliseconds" value="30000"/>
        </ConnectTimeout>
        <StaleRequestLimit>
            <Time units="milliseconds" value="30000"/>
        </StaleRequestLimit>
    </RetrievalTimeouts>
</Layer>