<?xml version="1.0" encoding="UTF-8"?>
<!--$Id: ShadedElevationLayer.xml 11316 2009-05-26 23:06:47Z dcollins $-->
<Layer version="1" layerType="TiledImageLayer">
    <!--Layer for Moon shaded elevation dataset.-->
    <DisplayName>Shaded Elevation Map</DisplayName>
    <Service serviceName="WWTileService">
        <URL>http://worldwind28.arc.nasa.gov/TestWebApp/WebForm1.aspx</URL>
    </Service>
    <DatasetName>moonshadedjpg</DatasetName>
    <DataCacheName>Moon/ShadedElevation</DataCacheName>
    <FormatSuffix>.dds</FormatSuffix>
    <NumLevels count="4" numEmpty="0"/>
    <TileOrigin>
        <LatLon units="degrees" latitude="-90" longitude="-180"/>
    </TileOrigin>
    <LevelZeroTileDelta>
        <LatLon units="degrees" latitude="36" longitude="36"/>
    </LevelZeroTileDelta>
    <TileSize>
        <Dimension width="512" height="512"/>
    </TileSize>
    <Sector>
        <SouthWest>
            <LatLon units="degrees" latitude="-90" longitude="-180"/>
        </SouthWest>
        <NorthEast>
            <LatLon units="degrees" latitude="90" longitude="180"/>
        </NorthEast>
    </Sector>
    <ForceLevelZeroLoads>true</ForceLevelZeroLoads>
    <RetainLevelZeroTiles>true</RetainLevelZeroTiles>
</Layer>